"";"Transporte";"CulturaDeporte";"Educa";"Vivienda";"AguaSaneamiento";"Agro";"InclusReconci";"AmbienteSostenible";"SaludProtecc";"MinasEnerg";"Telecom";"ComIndTur"
"1";"plmb";"pccc";"pnie";"hipotecario";"recicladores";"aviar";"acr";"biotecnológica";"bienestarina";"gmdc";"coltel";"pdp"
"2";"transmilenio";"pemp";"pilo";"pipe";"empopasto";"patógenos";"desmovilizados";"biotecnológicos";"vitamina";"microcentral";"parapat";"postales"
"3";"transcaribe";"pnrch";"val";"vipa";"fia";"algodonero";"ddhh";"lagunar";"atenciones";"kwh";"colcert";"exportafácil"
"4";"ani";"películas";"eliges";"camacol";"administr";"sacrificio";"dih";"sncc";"ensin";"mus";"cibernéticos";"conp"
"5";"pr";"pnmc";"predicción";"iniciaciones";"descertificados";"abonos";"desmovilizada";"spnn";"micronutrientes";"gensa";"laudo";"appri"
"6";"trayecto";"bic";"sfsfo";"linderos";"biogás";"avícola";"pd";"comecc";"maestra";"kbpd";"uit";"prc"
"7";"carriles";"sinfónica";"sia";"registral";"torrencial";"huevo";"prse";"biotecnológicas";"nutriente";"tebsa";"telecom";"ptf"
"8";"flota";"paranacionales";"cirerh";"levantamientos";"ibal";"fenavi";"desmovilizado";"dagma";"lactancia";"oef";"cibernético";"inas"
"9";"túneles";"claustro";"enforque";"edificadora";"intradomiciliarias";"avícolas";"gai";"marinos";"kilogramo";"mbls";"ciberespacio";"cones"
"10";"camión";"fútbol";"internados";"fig";"bocatoma";"pollo";"afrocolombianos";"dbo";"recobros";"refrigeración";"teleasociadas";"mostrará"
"11";"tpd";"basílica";"condonaciones";"land";"nucleada";"ets";"ruv";"sox";"acf";"fenoge";"mhz";"idic"
"12";"regiotram";"espectadores";"fiduprevisora";"ivp";"contabilizada";"fedegan";"uariv";"conasa";"snbf";"eiti";"ccp";"vcr"
"13";"tren";"fifa";"paces";"ladm";"ptap";"moscas";"gi";"atmósfera";"vr";"térmicas";"ccoc";"mod"
"14";"toyo";"coliseo";"validaciones";"rentistas";"gaviones";"granjas";"ppe";"ciénagas";"folios";"biomasas";"prepago";"confecoop"
"15";"pavimento";"cinematografía";"iam";"smlm";"costanero";"fonav";"sps";"brugman";"moderada";"gwh";"ghz";"trade"
"16";"systra";"deportivo";"doctorados";"inurbe";"paei";"fedepalma";"palenquera";"cdb";"inconclusas";"perforación";"arbitral";"vcl"
"17";"precarga";"campeonato";"courseware";"reconocedores";"colector";"salmonella";"ddr";"sst";"urgencias";"termoguajira";"cibercrímen";"hausmann"
"18";"peajes";"cinematográfica";"fie";"rnrp";"pgei";"cenipalma";"resa";"emsirva";"desvia";"mch";"kbps";"icca"
"19";"autopistas";"orquestas";"size";"ddt";"pastales";"bioinsumos";"ilícito";"larsen";"sarampión";"coalbed";"bnp";"crespi"
"20";"camiones";"monumentos";"sfsep";"leasings";"avalancha";"quillasingas";"cnrr";"pst";"ceguera";"methane";"cert";"stein"
"21";"fdn";"cinematográfico";"cna";"metálicos";"torrenciales";"urea";"farc";"kioto";"piel";"fnce";"cntv";"confecámaras"
"22";"cercanías";"orquesta";"cier";"escrituración";"construccion";"vacas";"defensoría";"fitoterapéuticos";"incumplida";"hidrocarburo";"paribas";"confederación"
"23";"paraderos";"paralímpicos";"conciliar";"williamson";"bas";"pmg";"ntp";"retributivas";"inmune";"poliductos";"liquidadas";"cpc"
"24";"pretroncales";"festivales";"hbi";"coordenada";"cuatrie";"lechero";"apc";"desecación";"haemophilus";"fueloil";"cicte";"edit"
"25";"geometría";"fnc";"vpbm";"unificadora";"lín";"aromáticas";"gaoml";"avads";"chip";"mmba";"otan";"orte"
"26";"carril";"mompox";"nee";"geodésica";"nio";"hortofrutícola";"snariv";"gris";"radicadas";"epc";"autenticación";"innpulsa"
"27";"viaductos";"película";"docencia";"fna";"desbordamiento";"brucelosis";"comisionado";"sisaire";"expiradas";"optimista";"ciberdelincuencia";"ptp"
"28";"pasajero";"músicas";"smnc";"vvdt";"waste";"hatos";"vulneraciones";"ecológicamente";"glosas";"emsa";"ieee";"ctei"
"29";"desnivel";"sinfónico";"undécimo";"agrimensores";"vasb";"lmr";"violencias";"suplente";"guia";"act";"tpbc";"transp"
"30";"rodadura";"espectáculos";"contradijo";"licenciada";"departament";"cuarentenarios";"profamilia";"trienal";"hospitalización";"biofuels";"pornografía";"rastreo"
"31";"peatones";"largometrajes";"bonificaciones";"liberadas";"zgo";"etas";"racial";"suisa";"ambulatorios";"pidir";"movistar";"mna"
"32";"bus";"carrión";"pasaporte";"desatendida";"descertifica";"potasio";"oacp";"siur";"ingesta";"galón";"mbps";"ain"
"33";"davies";"uap";"mba";"locatarios";"ellen";"eeb";"subcomité";"nagoya";"saborizada";"gpc";"incidente";"decs"
"34";"gleave";"olímpico";"student";"integradora";"macarthur";"cárnicos";"snaipd";"genómica";"poliomielitis";"mmb";"senior";"innovation"
"35";"steer";"ugc";"scaft";"ece";"recicladora";"dap";"tortura";"dacti";"inmunización";"ili";"megc";"rodrik"
"36";"sinc";"teatro";"educado";"rajabifard";"pluvial";"kcl";"stella";"eae";"influenzae";"obligacion";"interceptación";"factoring"
"37";"cofinanciables";"soterración";"devenguen";"cadastre";"ponce";"higienización";"combatientes";"bau";"dift";"cxc";"túnez";"aii"
"38";"glorieta";"activadores";"interanual";"bloomberg";"angelinos";"avicultura";"victimizantes";"ecdbc";"eria";"turbovapor";"fdd";"udae"
"39";"comodidad";"coproducciones";"promociones";"avc";"roa";"algodoneros";"intrafamiliar";"enredd";"user";"térmica";"niif";"auditorios"
"40";"parada";"rodaje";"lms";"sfve";"distraccion";"conalgodón";"cip";"gmcc";"nacido";"chevron";"ott";"vasquez"
"41";"peaje";"coros";"acreditarse";"cne";"ineficacia";"nariñense";"ep";"pnacc";"ppna";"petroleum";"iti";"treaties"
"42";"pimrc";"campeonatos";"decil";"pensionado";"llantas";"entera";"excombatientes";"pricc";"medicamento";"evaluating";"asequibilidad";"mutuales"
"43";"automóvil";"templos";"academic";"menaje";"digestión";"spp";"ged";"genes";"psan";"fraser";"ordenadores";"cooperativismo"
"44";"conectan";"sica";"schools";"fbkf";"reutilizar";"asohofrucol";"testigos";"ómicas";"omega";"rsu";"csirts";"datlas"
"45";"intervalos";"ocg";"achievement";"contracíclica";"selectivas";"salmonelosis";"aat";"johannesburgo";"metabólicos";"turbinas";"guarniciones";"snci"
"46";"utsc";"creative";"edcf";"transunion";"internalización";"cítricos";"desarraigados";"desbaratado";"rubéola";"kbdc";"transpondedores";"hong"
"47";"tire";"exhibición";"lifelong";"inconsistentes";"solid";"capitata";"oswaldo";"subcuencas";"vop";"sísmico";"afi";"kong"
"48";"segundas";"cinematográficos";"semestres";"unificador";"isr";"agronómico";"porras";"vertida";"distribuciones";"termocandelaria";"mobile";"simplificado"
"49";"bazurto";"pzc";"administrativ";"fiscos";"kpital";"huevos";"aui";"disease";"lactante";"gbtud";"metrotel";"nri"
"50";"ciclorrutas";"multifase";"laborar";"gravámenes";"touche";"algodoneras";"antipersonales";"prüss";"canguro";"giga";"ponal";"renata"
"51";"transporte";"juegos";"educación";"vis";"agua";"producción";"población";"ambiental";"salud";"gecelca";"telecomunicaciones";"fem"
"52";"invías";"musical";"formación";"frech";"residuos";"msf";"afrocolombiana";"uaespnn";"parto";"producción";"ciberseguridad";"solidaria"
"53";"corredor";"estadio";"superior";"misn";"apsb";"frutas";"reintegración";"salud";"nutricional";"refinerías";"ciberdefensa";"convenciones"
"54";"pasajeros";"históricos";"jornada";"catastral";"acueducto";"ica";"víctimas";"climático";"atención";"etanol";"emisoras";"empresas"
"55";"vías";"deportivos";"maestría";"programa";"cortolima";"fertilizantes";"pped";"bioprospección";"anemia";"carbón";"comunicaciones";"turismo"
"56";"troncal";"música";"due";"catastro";"rellenos";"leche";"violaciones";"aire";"icbf";"hidroeléctrica";"cibernética";"comercio"
"57";"calzada";"patrimonio";"condonación";"sfv";"saneamiento";"pastos";"social";"cambio";"infancia";"gas";"radio";"congresos"
"58";"alimentadoras";"cultural";"educativa";"macroproyectos";"aseo";"productos";"paz";"ipcc";"vacunas";"biocombustibles";"incidentes";"competitividad"
"59";"vial";"musicales";"doctorado";"multipropósito";"reservorio";"inocuidad";"derechos";"protegidas";"integral";"mw";"información";"productividad"
"60";"metro";"industrias";"sfch";"coberturas";"amb";"admisibilidad";"posconflicto";"ambientales";"metabolismo";"hotelero";"csirt";"envíos"
"61";"km";"cultura";"estudiantiles";"fonvivienda";"ea";"madr";"psicosocial";"cvc";"dosis";"programa";"digital";"sofisticación"
"62";"buses";"culturales";"calidad";"hogares";"reciclaje";"invima";"conflicto";"interdisciplinarios";"zinc";"energética";"televisión";"postal"
"63";"túnel";"cine";"colfuturo";"habilitado";"potable";"sanidad";"reparación";"genéticos";"servicios";"energía";"tecnologías";"cnc"
"64";"avenida";"revitalización";"mérito";"catastrales";"pda";"control";"atención";"manejo";"tétanos";"generación";"satelital";"innovación"
"65";"vía";"producciones";"estudiantes";"condicionada";"básico";"algodón";"armado";"biodiversidad";"prestación";"operación";"compartel";"planilla"
"66";"sitp";"paisaje";"icetex";"hipotecarios";"halla";"carne";"juntos";"agua";"deficiencia";"iluminación";"tic";"empresarial"
"67";"operación";"músicos";"beca";"avalúos";"sólidos";"papa";"forzado";"ids";"materna";"reservas";"cibernéticas";"tlc"
"68";"tramo";"coldeportes";"depreciación";"viviendas";"reutilización";"lácteo";"fcp";"car";"ips";"ecopetrol";"interesadas";"economía"
"69";"movilidad";"recuperación";"cigerh";"habitacional";"alcantarillado";"aves";"violencia";"contaminación";"hierro";"zni";"servicios";"decente"
"70";"corredores";"cafetero";"aulas";"interés";"mvct";"biofertilizantes";"desplazamiento";"debidas";"diarias";"crudo";"ataques";"visas"
"71";"construcción";"estadios";"paga";"vip";"tratamiento";"influenza";"negra";"sostenible";"niños";"refinación";"inalámbricas";"electrónico"
"72";"intercambiador";"didácticos";"dotaciones";"smmlv";"cauces";"aceite";"infracciones";"cormagdalena";"tos";"costos";"seguridad";"cooperativas"
"73";"malla";"audiovisual";"educativo";"uvr";"prestación";"bpa";"desmovilización";"sinap";"calcio";"ecuario";"internet";"mipymes"
"74";"masivo";"centros";"condonable";"vivienda";"snpad";"vegetales";"desaparición";"cmnucc";"carpeta";"ipse";"órbita";"industria"
"75";"patio";"pintura";"beneficiarios";"suelo";"presa";"plagas";"mujeres";"ingredientes";"social";"eléctrica";"defensa";"cooperativo"
"76";"red";"turismo";"media";"catastros";"lineal";"productores";"iica";"áreas";"solidaridad";"recomienda";"security";"superintendencias"
"77";"infraestructura";"creativas";"csf";"crédito";"separación";"veterinarios";"mujer";"conaire";"reorganización";"biodiesel";"wimax";"simplificación"
"78";"rutinario";"urbana";"créditos";"leasing";"relleno";"cultivo";"ce";"biotecnología";"vigencia";"oleoductos";"telefónica";"empresarios"
"79";"viaje";"artísticos";"humano";"ahorradores";"servicios";"vigilancia";"integral";"río";"maestras";"mayorista";"compañía";"trabajo"
"80";"viajes";"agrupaciones";"alumnos";"snr";"botaderos";"toneladas";"afirmativas";"gestionado";"iss";"rt";"radiodifusión";"precooperativas"
"81";"costos";"inmaterial";"crédito";"tasa";"compostaje";"hortalizas";"reclutamiento";"mavdt";"alimentos";"barril";"acceso";"fallas"
"82";"minutos";"sub";"cohorte";"casa";"servicio";"comercialización";"reconciliación";"inspeccion";"lactantes";"acondicionado";"señal";"exterior"
"83";"trenes";"deportiva";"conciliación";"segmento";"aprovechamiento";"agropecuario";"género";"biológicos";"nutrición";"energy";"servicio";"servicios"
"84";"patios";"bienes";"simat";"cobertura";"sanitarios";"animal";"sexual";"gestión";"mg";"minero";"múltiples";"instrumentos"
"85";"público";"estética";"académico";"macroproyecto";"rural";"dic";"proceso";"mataderos";"valor";"eficiencia";"inalámbrica";"instruir"
"86";"ola";"unesco";"educativos";"cartográficos";"enrocado";"agricultura";"desvinculados";"regulaciones";"médicas";"barriles";"conectividad";"logística"
"87";"dnp";"construcción";"recurso";"cartografía";"sui";"bioseguridad";"pgi";"difusa";"distribución";"outlook";"banda";"promoción"
"88";"nqs";"mundial";"información";"mavdt";"gestor";"mercados";"personas";"op";"alto";"gal";"response";"apuestas"
"89";"sistema";"gerenciar";"maestrías";"adscripción";"riesgo";"viveros";"afrocolombianas";"ambiente";"ponderada";"fiscalización";"comunitarias";"facilitación"
"90";"rodante";"declarados";"competencias";"habilitación";"prestadores";"cría";"diferencial";"sedimentos";"vacunación";"demanda";"contraprestación";"cti"
"91";"obras";"actividad";"suscritas";"igac";"río";"lácteos";"restitución";"intoxicaciones";"niñas";"recobro";"first";"mercado"
"92";"pasos";"centralidad";"sineb";"reajuste";"ampliacion";"mercado";"justicia";"conservación";"eps";"alterno";"rtvc";"productivo"
"93";"variantes";"valor";"instituciones";"urbana";"msps";"importaciones";"colectiva";"lagunas";"sgp";"combustibles";"voz";"dansocial"
"94";"ministro";"formativa";"lleno";"registro";"bocatomas";"fertilización";"cooperación";"adaptación";"pensional";"fósil";"ancha";"asociado"
"95";"intersección";"conservación";"saber";"predios";"losa";"bovina";"rupd";"humboldt";"general";"costo";"plural";"tecnología"
"96";"viales";"demoliciones";"porcentaje";"hipotecaria";"caudal";"uso";"acciones";"calidad";"pae";"iii";"entorno";"continente"
"97";"maltería";"centro";"autoevaluación";"valor";"gestión";"endémicas";"programas";"pm";"cero";"power";"inalámbrico";"electrónica"
"98";"región";"morón";"fondo";"lanzamientos";"ejecución";"eam";"impunidad";"sedimentación";"pública";"crédito";"estado";"mcit"
"99";"comunica";"adecuación";"alumno";"subsidio";"minimización";"insumos";"comunidades";"sellado";"ferina";"mimeo";"redes";"dec"
"100";"fuente";"eot";"graduación";"deudores";"mitigable";"cosechas";"acción";"forestales";"cereales";"natural";"accesos";"dian"
